Name,Patient_Id,Record_Id,Pain severity - 0-10 verbal numeric rating [Score] - Reported in ({score}),Diastolic Blood Pressure in (mm[Hg]),Systolic Blood Pressure in (mm[Hg]),Heart rate in (/min),Respiratory rate in (/min),Body Mass Index in (kg/m2),Glucose in (mg/dL),Urea Nitrogen in (mg/dL),Creatinine in (mg/dL),Calcium in (mg/dL),Sodium in (mmol/L),Potassium in (mmol/L),Chloride in (mmol/L),Carbon Dioxide in (mmol/L),Total Cholesterol in (mg/dL),Triglycerides in (mg/dL),Low Density Lipoprotein Cholesterol in (mg/dL),High Density Lipoprotein Cholesterol in (mg/dL)
Riya,1,2,2.45443137254902,81.6077299755159,123.61017838405,79.8882476390346,14.0113676110528,28.7248248072882,72,9.6,0.8,9.7,137,3.8,103,25.3,205.1,137.8,109.4,49.3
Ritu,2,1,1,1,1,1,1,1,1,1,1,1,1,1,1,1,1,1,1,1
Riya,1,1,2.454431,81.60773,123.610178,79.888248,14.011368,28.724825,72,9.6,0.8,9.7,137,3.8,103,25.3,205.1,137.8,109.4,49.3
Riya,1,3,3,72,105,63,15,29.2,82.4,9.9,3.1,8.7,139.5,5.1,110.7,21,192.9,124.5,96.2,71.8
Riya,1,4,4,99,153,64,15,25.3,109.1,13.7,3.9,9,141.6,4.3,101.6,27.4,217.1,167.3,125.7,57.9
Riya,1,5,1,87,120,61,16,27.7,97.9,17.8,3.6,9.6,142.7,4.4,103.9,23.9,160.2,113.2,67.6,69.9
Riya,1,6,4,72,129,78,14,28.1,90.441489,13.455272,2.527015,9.352018,139.974658,4.461167,106.043592,24.489409,160.8,148.9,63.9,67.1
Riya,1,7,0,76,126,61,15,29.9,84.3,17.2,3.4,9.7,142.5,4.1,110.5,27,189.2,139.1,91.5,69.9
